location,question,answer
General,Do you spend a lot of time sitting or standing here?,It depends on the situation.
General,Is this place typically noisy or quiet?,"It varies, sometimes it's noisy, other times quiet."
General,How do people usually dress in this environment?,People dress differently depending on the occasion.
General,Do you often see large crowds or small groups here?,You can find both crowds and smaller groups here.
General,Is there a lot of movement or is it more stationary?,There is a mix of movement and stationary activity.
General,Do you usually interact with strangers here?,"You might talk to strangers, or keep to yourself."
General,Is the lighting in this place bright or dim?,The lighting can change depending on the time.
General,Do people tend to stay long or leave quickly?,"Some people stay longer, others come and go quickly."
General,Is this place indoors or outdoors?,"It can be either, depending on the part of the place."
General,"Is it easy to access this place, or does it require special permission?","Some areas are open to everyone, others are restricted."
General,Do you often see people talking or staying silent here?,"Both happen, sometimes people talk, other times it's quiet."
General,Is there a lot of technology being used in this environment?,"Technology is used, but it may not be the main focus."
General,Is this place more modern or traditional?,"A bit of both, modern elements with some tradition."
General,Do people seem happy or stressed in this location?,People show a range of emotions here.
General,Is the weather something you think about when you're here?,It depends on whether you're inside or outside.
General,"Do people bring a lot of things with them, or just a few items?","Some people bring a lot, others travel light."
General,Do you hear a lot of different languages spoken here?,"Yes, it's common to hear a variety of languages."
General,Is there a lot of physical activity involved in being here?,"There can be physical activity, but not always."
General,Is this place used for work or leisure?,"It could be used for either, depending on the time."
General,Is there a particular time of day when this place is busiest?,"Yes, there's a peak time, but it's not always the same."
General,Are there rules people must follow here?,"Yes, there are usually some rules to follow."
General,Do you need to prepare before coming here?,"It's a good idea to prepare, but not always necessary."
General,Do you notice any distinct smells in this place?,"You might notice something distinctive, but it is subtle."
General,Do people tend to stay alone or in groups?,"Some stay in groups, others are on their own."
General,"Do people use transportation to get here, or can they walk?","Both options are possible, depending on where you are."
General,Is this place associated with any particular season?,"It's connected to certain seasons, but not exclusive."
General,Do people tend to bring food or drinks here?,"Some do, but it's not required."
General,Is it common to see people using their phones here?,"Yes, you often see people using their phones."
General,Does this place have a lot of history?,"Yes, there's often a lot of history attached to it."
General,"Is this a place you visit often, or only occasionally?","It depends, some visit frequently, others only occasionally."
General,Do people dress more formally or casually here?,"Both are acceptable, depending on the situation."
General,Do you need any special equipment or clothing to be here?,"It is possible, but it depends on what you are doing."
General,Are there specific sounds that are common in this place?,"Yes, you can hear some distinctive sounds."
General,"Is it important to be quiet, or is it okay to talk?","You may need to be quiet, or it might not matter."
General,"Are there seats available here, or do you stand?","There are usually places to sit, but not always."
General,Is this place popular with tourists or locals?,"Both groups visit, but one may dominate at times."
General,Is this place large or small?,"It can feel large, but parts of it are small."
General,Do you need to pay to enter this place?,"It is possible, but not always required."
General,"Do you see children here often, or mostly adults?","Both are common, depending on the day."
General,"Do people tend to stay focused, or do they relax here?","People usually stay focused, but there is room for relaxation."
General,Do you have to plan your visit here in advance?,"Planning helps, but spontaneous visits happen too."
General,Are there a lot of signs or instructions in this environment?,"Yes, there is usually guidance or signage."
General,Is this place very colorful or more neutral?,"It can be colorful, but sometimes it is more muted."
General,Do people use specific tools or objects while they're here?,"Some do, but not everyone uses them."
General,Does this place have a specific purpose or is it more versatile?,"There is a primary purpose, but it can serve others too."
General,Do people spend time here alone or with others?,"It is common to see both, depending on the situation."
General,"Is there a lot of talking, or is it quieter here?","You hear some talking, but it is not constant."
General,Is there a strong sense of community in this place?,"Yes, people often feel connected here."
General,"Do you feel safe here, or is it more risky?","It's generally safe, but caution is sometimes needed."
General,"Is this a place where people learn, work, or relax?","It is a mix of learning, work, and relaxation."

Blanton Museum of Art,Do people usually move around slowly or quickly here?,"People tend to move slowly, taking time to observe the art."
Blanton Museum of Art,Is it quiet or noisy in this place?,"It's usually quiet, creating a calm environment."
Blanton Museum of Art,Do people take photos here often?,"Yes, photos are common but usually without flash."
Blanton Museum of Art,Is this place indoors or outdoors?,"Mostly indoors, but some areas may connect to open spaces."
Blanton Museum of Art,Do visitors come here alone or in groups?,"Both—some come to reflect alone, others visit with friends or classes."

Harry Ransom Center,Do people come here to study or to explore?,"Mostly to explore exhibits and rare collections."
Harry Ransom Center,Is the lighting bright or dim?,"The lighting is soft to protect artifacts."
Harry Ransom Center,Are there a lot of rules to follow here?,"Yes, especially regarding touching exhibits."
Harry Ransom Center,Do people talk much here?,"Not much, most people stay quiet or whisper."
Harry Ransom Center,Do you spend more time standing or sitting here?,"Mostly standing while viewing displays."

LBJ Library & Museum,Do you see a lot of historical displays here?,"Yes, the place is filled with presidential exhibits."
LBJ Library & Museum,Is this a place for learning or entertainment?,"It's mainly educational but still engaging."
LBJ Library & Museum,Is it busy or peaceful here?,"It’s calm but can get busy with school tours."
LBJ Library & Museum,Do people usually take notes or pictures here?,"Many take photos or notes for research."
LBJ Library & Museum,Do you need to buy tickets to enter?,"Yes, most exhibits require a ticket."

Flawn Academic Center,Do people come here to study or socialize?,"Mostly to study, but some come to meet up with friends."
Flawn Academic Center,Is it usually crowded?,"Yes, especially during class hours."
Flawn Academic Center,Do you hear typing or talking more often?,"Typing and quiet conversations are common."
Flawn Academic Center,Do people bring laptops here?,"Yes, nearly everyone has a laptop."
Flawn Academic Center,Do you see more students or professors here?,"Mostly students using the space."

Art Building and Museum,Do people create or observe art here?,"Both—some create, others observe."
Art Building and Museum,Is it messy or organized?,"It’s a mix—art studios can get messy."
Art Building and Museum,Do you hear tools or silence here?,"You often hear tools, brushes, and quiet discussion."
Art Building and Museum,Do people wear special clothes here?,"Yes, artists may wear aprons or casual paint clothes."
Art Building and Museum,Is it indoors or outdoors?,"Mostly indoors with some outdoor installations."

Gates Dell Complex,Is this a quiet or collaborative space?,"It’s often buzzing with quiet collaboration."
Gates Dell Complex,Do people work individually or in teams?,"Both, depending on the project."
Gates Dell Complex,Do you see a lot of technology here?,"Yes, laptops and monitors everywhere."
Gates Dell Complex,Is this space modern or traditional?,"Very modern, with lots of glass and tech."
Gates Dell Complex,Do people spend long hours here?,"Yes, many stay for hours coding or studying."

Christian-Green Gallery,Do people observe or create here?,"They mostly observe rotating art exhibits."
Christian-Green Gallery,Is it brightly lit or softly lit?,"It’s softly lit to highlight artwork."
Christian-Green Gallery,Do people talk much here?,"Most people speak quietly."
Christian-Green Gallery,Are there seats available?,"A few, but most people stand and walk around."
Christian-Green Gallery,Is this place formal or casual?,"It’s calm and casual but respectful."

Fine Arts Library,Do people talk or stay silent here?,"It’s usually very quiet."
Fine Arts Library,Do people use computers here?,"Yes, many use computers for research."
Fine Arts Library,Is the lighting bright or dim?,"It’s well-lit but not harsh."
Fine Arts Library,Do people spend short or long periods here?,"Most stay for long stretches."
Fine Arts Library,Do people come alone or in groups?,"Mostly alone, but sometimes in small study groups."

Darrell K Royal Texas Memorial Stadium,Is this place loud or quiet?,"Extremely loud during games."
Darrell K Royal Texas Memorial Stadium,Do people sit or stand here?,"Both—people often stand to cheer."
Darrell K Royal Texas Memorial Stadium,Is it indoors or outdoors?,"It’s an outdoor stadium."
Darrell K Royal Texas Memorial Stadium,Do people come here for sports or events?,"Mostly football and other large events."
Darrell K Royal Texas Memorial Stadium,Do you see large crowds here?,"Yes, tens of thousands at a time."

Gregory Gym,Do people come here to exercise or relax?,"Mainly to exercise."
Gregory Gym,Is it noisy or quiet?,"It’s noisy with activity and music."
Gregory Gym,Do people bring equipment here?,"Yes, most bring gym bags and water bottles."
Gregory Gym,Is it crowded?,"It gets busy, especially in the evenings."
Gregory Gym,Do people come alone or with friends?,"Both, some prefer solo workouts."

Texas Memorial Museum,Is this place educational?,"Yes, it’s focused on science and history."
Texas Memorial Museum,Do people take photos here?,"Yes, especially of fossils and exhibits."
Texas Memorial Museum,Is it quiet or lively?,"Generally quiet with families and students exploring."
Texas Memorial Museum,Are there many kids here?,"Yes, it’s popular for school trips."
Texas Memorial Museum,Is it indoors or outdoors?,"Mostly indoors."

UT Tower,Do people go inside or view it from outside?,"Mostly view it from outside, but tours go inside."
UT Tower,Is it tall or short?,"Very tall—it’s a campus landmark."
UT Tower,Do people take photos here?,"Yes, it’s one of the most photographed spots."
UT Tower,Is it peaceful or busy around here?,"Peaceful during the day, lively during events."
UT Tower,Is it symbolic?,"Yes, it’s an icon of the university."

Littlefield Fountain,Is this place scenic?,"Yes, it’s very picturesque."
Littlefield Fountain,Do people take photos here?,"Constantly, especially graduates."
Littlefield Fountain,Is it noisy or quiet?,"Mostly quiet except for the water sound."
Littlefield Fountain,Do people stay long here?,"Usually just for a few minutes."
Littlefield Fountain,Is it indoors or outdoors?,"Outdoors, surrounded by campus paths."

Turtle Pond,Do people come here to relax?,"Yes, it’s a calm place for breaks."
Turtle Pond,Do you see animals here?,"Yes, turtles and fish are common."
Turtle Pond,Is it shaded or sunny?,"A mix of shade and sunlight."
Turtle Pond,Do people take photos here?,"Yes, especially of the turtles."
Turtle Pond,Is it quiet?,"Yes, very peaceful and serene."

The Drag,Do people shop or eat here?,"Both—lots of restaurants and stores."
The Drag,Is it busy or calm?,"Usually very busy with students."
The Drag,Do cars or pedestrians dominate?,"Mostly pedestrians, but cars pass through."
The Drag,Is it indoors or outdoors?,"Outdoors along Guadalupe Street."
The Drag,Do people spend much time here?,"People stop by frequently throughout the day."

Norman Hackerman Building,Is it a science-related place?,"Yes, it’s mainly for chemistry and biology."
Norman Hackerman Building,Do people wear lab coats here?,"Yes, in lab areas."
Norman Hackerman Building,Is it quiet or noisy?,"Lecture halls are quiet; labs can be active."
Norman Hackerman Building,Is it modern or old-fashioned?,"Very modern with updated labs."
Norman Hackerman Building,Do you smell chemicals here?,"Sometimes faintly, in lab areas."

WCP Student Activity Center,Do people come here to study or socialize?,"Both—it’s a major social hub."
WCP Student Activity Center,Is it loud or quiet?,"Lively in public areas, quiet in lounges."
WCP Student Activity Center,Are there food options here?,"Yes, several dining spots."
WCP Student Activity Center,Do people stay long?,"Yes, many hang out between classes."
WCP Student Activity Center,Is it indoors or outdoors?,"Mostly indoors."

Texas State Capitol,Do people visit for work or tourism?,"Both—it’s an active government site and tourist spot."
Texas State Capitol,Is it crowded?,"Yes, especially on weekdays and tours."
Texas State Capitol,Is it formal or casual?,"Mostly formal with officials and visitors."
Texas State Capitol,Is the architecture grand?,"Yes, it’s impressive and historic."
Texas State Capitol,Do people take photos here?,"Constantly—it’s a major landmark."

Mt. Bonnell & Mayfield Park,Do people hike or relax here?,"Both—some climb, others rest and enjoy views."
Mt. Bonnell & Mayfield Park,Is it crowded?,"Can be busy on weekends."
Mt. Bonnell & Mayfield Park,Do you see animals here?,"Yes, especially peacocks at Mayfield."
Mt. Bonnell & Mayfield Park,Is it sunny or shaded?,"Mostly sunny with some shade."
Mt. Bonnell & Mayfield Park,Do people take photos here?,"Yes, especially at the overlook."

Barton Springs,Do people swim here?,"Yes, it’s a natural spring-fed pool."
Barton Springs,Is the water cold or warm?,"Always chilly, even in summer."
Barton Springs,Do people relax or exercise here?,"Both—some swim laps, others sunbathe."
Barton Springs,Is it natural or man-made?,"Natural spring, partially developed."
Barton Springs,Is it crowded?,"Yes, especially on hot days."

Zilker Park,Do people play sports or relax here?,"Both—many come for picnics and games."
Zilker Park,Is it large or small?,"Very large, open and grassy."
Zilker Park,Do people bring pets here?,"Yes, it’s popular for dogs."
Zilker Park,Is it noisy?,"Can be lively with music and chatter."
Zilker Park,Do people visit year-round?,"Yes, especially in nice weather."

Lake Austin,Do people swim or boat here?,"Mostly boating and water sports."
Lake Austin,Is it peaceful or busy?,"It varies—calm in mornings, busy weekends."
Lake Austin,Do you hear nature or engines?,"Both—birds and boat motors."
Lake Austin,Do people live near here?,"Yes, there are houses along the water."
Lake Austin,Do people fish here?,"Yes, fishing is common."

Lady Bird Johnson Wildflower Center,Do you see a lot of plants here?,"Yes, it’s filled with native Texas flora."
Lady Bird Johnson Wildflower Center,Is it outdoors or indoors?,"Mostly outdoors."
Lady Bird Johnson Wildflower Center,Do people come to learn or relax?,"Both—education and leisure."
Lady Bird Johnson Wildflower Center,Is it quiet or full of activity?,"Mostly quiet with soft sounds of nature."
Lady Bird Johnson Wildflower Center,Do you see many colors here?,"Yes, the flowers make it vibrant."

Zilker Botanical Garden,Is this place usually quiet or noisy?,"It is generally quiet with natural sounds."
Zilker Botanical Garden,Do people often come here to relax or explore?,"People usually come to relax and enjoy nature."
Zilker Botanical Garden,Is there a lot of greenery and plants in this area?,"Yes, there are many plants and gardens."
Zilker Botanical Garden,Do visitors usually walk around or stay in one spot?,"People mostly walk around to explore the gardens."
Zilker Botanical Garden,Is this place open to the public?,"Yes, it is open to visitors."

South Congress (SoCo),Is this area busy or calm?,"It is usually busy with lots of people."
South Congress (SoCo),"Do people come here to shop, eat, or relax?","People come to shop, eat, and enjoy the area."
South Congress (SoCo),Are there many different types of shops and attractions?,"Yes, there is a variety of shops and attractions."
South Congress (SoCo),Do people usually walk around or stay in one place?,"People mostly walk around while exploring."
South Congress (SoCo),Is this area known for a lively atmosphere?,"Yes, it is known for being lively and vibrant."
